Book Id,Title,Author,Author l-f,Additional Authors,ISBN,ISBN13,My Rating,Average Rating,Publisher,Binding,Number of Pages,Year Published,Original Publication Year,Date Read,Date Added,Bookshelves,Bookshelves with positions,Exclusive Shelf,My Review,Spoiler,Private Notes,Read Count,Owned Copies
347852,"The Road Less Traveled: A New Psychology of Love, Traditional Values and Spiritual Growth",M. Scott Peck,"Peck, M. Scott",,"=""""","=""""",0,4.08,Simon & Schuster,Paperback,320,1978,1978,,2025/12/19,to-read,to-read (#68),to-read,,,,0,0
61663,Pale Blue Dot: A Vision of the Human Future in Space,Carl Sagan,"Sagan, Carl",,"=""0345376595""","=""9780345376596""",0,4.34,Ballantine Books,Paperback,384,1997,1994,,2025/11/08,to-read,to-read (#67),to-read,,,,0,0
231279088,The Dream of a Ridiculous Man (Penguin Archive),Fyodor Dostoyevsky,"Dostoyevsky, Fyodor",Fyodor Dostoevsky,"=""0241746914""","=""9780241746912""",0,4.03,Penguin Classics,Paperback,144,2025,1877,,2025/08/28,currently-reading,currently-reading (#10),currently-reading,,,,1,0
231290387,To Read and Dream (Penguin Archive),Christina Rossetti,"Rossetti, Christina",,"=""0241747236""","=""9780241747230""",4,3.97,Penguin Classics,Paperback,144,2025,,2025/08/17,2025/07/24,,,read,they said the title of the book in the end,,,1,0
214439135,Mari Pergi Lebih Jauh,Ziggy Zezsyazeoviennazabrizkie,"Zezsyazeoviennazabrizkie, Ziggy",,"=""6231342328""","=""9786231342324""",0,4.03,Kepustakaan Populer Gramedia,Paperback,217,2024,,,2025/07/12,currently-reading,currently-reading (#9),currently-reading,,,,1,0
59345269,Kita Pergi Hari Ini,Ziggy Zezsyazeoviennazabrizkie,"Zezsyazeoviennazabrizkie, Ziggy",,"=""""","=""""",4,4.32,Gramedia Pustaka Utama,Paperback,192,2021,,2025/07/12,2025/07/03,,,read,wowzer,,,1,0
762390,The Hour of the Star,Clarice Lispector,"Lispector, Clarice",Giovanni Pontiero,"=""0811211908""","=""9780811211901""",5,4.11,New Directions,Paperback,96,1992,1977,2025/07/09,2025/02/20,,,read,yeb,,,1,0
14276,"So Long, See You Tomorrow",William Maxwell,"Maxwell, William",,"=""1860464181""","=""9781860464188""",0,3.87,Harvill,Paperback,135,1998,1980,,2025/06/30,to-read,to-read (#66),to-read,,,,0,0
60503957,Tiga dalam Kayu,Ziggy Zezsyazeoviennazabrizkie,"Zezsyazeoviennazabrizkie, Ziggy",,"=""""","=""""",4,3.65,Kepustakaan Populer Gramedia,Paperback,168,2022,,2025/05/27,2025/05/03,,,read,"sampai nanti, sampai kita bertemu kembali",,,1,0
34311766,Jakarta Sebelum Pagi,Ziggy Zezsyazeoviennazabrizkie,"Zezsyazeoviennazabrizkie, Ziggy",,"=""""","=""""",5,4.32,Grasindo,Paperback,280,2017,2016,2025/04/27,2025/04/26,,,read,,,,1,0
23129811,On Palestine,Noam Chomsky,"Chomsky, Noam","Ilan Pappé, Frank Barat","=""1608464709""","=""9781608464708""",5,4.27,Haymarket Books,Paperback,220,2015,2015,2025/04/17,2025/03/01,,,read,1st book read this year,,,1,0
123136728,Orbital,Samantha Harvey,"Harvey, Samantha",,"=""0802161545""","=""9780802161543""",0,3.50,Atlantic Monthly Press,Hardcover,224,2023,2023,,2025/04/18,to-read,to-read (#65),to-read,,,,0,0
60472556,Too Much of Life,Clarice Lispector,"Lispector, Clarice",,"=""0241597579""","=""9780241597576""",0,4.50,Penguin Classics,Paperback,742,2022,2018,,2025/03/09,to-read,to-read (#64),to-read,,,,0,0
53492652,An Apprenticeship or The Book of Pleasures,Clarice Lispector,"Lispector, Clarice","Stefan Tobler, Sheila Heti, Benjamin Moser","=""0811230619""","=""9780811230612""",0,4.26,New Directions,Hardcover,176,2021,1969,,2025/02/06,to-read,to-read (#63),to-read,,,,0,0
822496,Metamorphosis and Other Stories,Franz Kafka,"Kafka, Franz",Michael Hofmann,"=""014118812X""","=""9780141188126""",0,3.88,Penguin Books Ltd,Paperback,299,2007,1915,,2024/12/31,currently-reading,currently-reading (#8),currently-reading,,,,1,0
219848315,The Emperor of Gladness,Ocean Vuong,"Vuong, Ocean",,"=""059383187X""","=""9780593831878""",0,3.92,Penguin Press,Hardcover,416,2025,2025,,2024/12/29,to-read,to-read (#62),to-read,,,,0,0
7723,The Metamorphosis and Other Stories,Franz Kafka,"Kafka, Franz","Jason Baker, Donna Freed","=""1593080298""","=""9781593080297""",0,3.90,Barnes & Noble Classics,Paperback,224,2003,1915,,2024/12/28,to-read,to-read (#61),to-read,,,,0,0
40338442,The White Book,Han Kang,"Kang, Han",Deborah Smith,"=""0525573062""","=""9780525573067""",4,3.81,Hogarth,Hardcover,157,2019,2016,2024/12/28,2024/12/24,,,read,Grief,,,1,0
50158,N.P,Banana Yoshimoto,"Yoshimoto, Banana",Ann Sherif,"=""0802142990""","=""9780802142993""",3,3.54,Grove Press,Paperback,208,2008,1990,2024/12/23,2024/12/20,,,read,nah,,,1,0
60811826,I Who Have Never Known Men,Jacqueline Harpman,"Harpman, Jacqueline","Ros Schwartz, Sophie Mackintosh","=""1945492600""","=""9781945492600""",4,4.11,Transit Books,Paperback,184,2022,1995,2024/12/12,2024/11/29,,,read,Das crazy,,,1,0
194808,To Build a Fire,Jack London,"London, Jack",,"=""0968709184""","=""9780968709184""",0,3.99,Wolf Creek Books,Paperback,32,2003,1902,,2024/12/03,to-read,to-read (#60),to-read,,,,0,0
200998630,"Before We Forget Kindness (Before the Coffee Gets Cold, #5)",Toshikazu Kawaguchi,"Kawaguchi, Toshikazu",Geoffrey Trousselot,"=""1035046245""","=""9781035046249""",4,3.89,Picador,Hardcover,224,2024,2023,2024/11/26,2024/11/23,,,read,Omnomnom,,,1,0
61686012,Greek Lessons,Han Kang,"Kang, Han","Deborah     Smith, Emily Yae Won","=""0593595270""","=""9780593595275""",4,3.61,Hogarth,Hardcover,192,2023,2011,2024/11/18,2024/07/02,,,read,Mmmm blue,,,1,0
99690,No Man Is an Island,Thomas Merton,"Merton, Thomas",,"=""1590302532""","=""9781590302538""",0,4.15,Shambhala,Hardcover,272,2005,1955,,2024/10/21,to-read,to-read (#59),to-read,,,,0,0
33848032,Semua Ikan di Langit,Ziggy Zezsyazeoviennazabrizkie,"Zezsyazeoviennazabrizkie, Ziggy",,"=""""","=""""",5,4.21,Gramedia Widiasarana Indonesia,Paperback,264,2017,2017,2024/10/15,2024/09/26,,,read,Dipatiukur Leuwipanjang,,,1,0
25489025,The Vegetarian,Han Kang,"Kang, Han",Deborah Smith,"=""0553448188""","=""9780553448184""",0,3.65,Hogarth,Hardcover,158,2016,2007,,2024/10/11,to-read,to-read (#58),to-read,,,,0,0
204593511,The Lantern of Lost Memories,Sanaka Hiiragi,"Hiiragi, Sanaka",Jesse Kirkwood,"=""1538757435""","=""9781538757437""",0,4.06,Grand Central Publishing,Hardcover,208,2024,2019,,2024/10/11,currently-reading,currently-reading (#7),currently-reading,,,,1,0
27213435,Di Tanah Lada,Ziggy Zezsyazeoviennazabrizkie,"Zezsyazeoviennazabrizkie, Ziggy",,"=""6020318966""","=""9786020318967""",5,4.22,Gramedia Pustaka Utama,Paperback,244,2015,2015,2024/10/10,2024/04/30,,,read,Syp sngka,,,1,0
60977799,Beautiful Star (Penguin Modern Classics),Yukio Mishima,"Mishima, Yukio",Stephen Dodd,"=""0141992581""","=""9780141992587""",0,3.17,Penguin,Kindle Edition,234,2022,1962,,2023/07/28,to-read,to-read (#29),to-read,,,,0,0
37004370,The Memory Police,Yōko Ogawa,"Ogawa, Yōko",Stephen    Snyder,"=""1101870605""","=""9781101870600""",4,3.70,Pantheon,Hardcover,274,2019,1994,2024/09/26,2024/08/23,,,read,lumayan memotivasi untuk membaca lagi,,,1,0
198115173,Suara Benda Berjatuhan,Juan Gabriel Vásquez,"Vásquez, Juan Gabriel",Gita Nanda,"=""6020673057""","=""9786020673059""",0,3.84,Gramedia Pustaka Utama,Paperback,288,2023,2011,,2024/09/26,to-read,to-read (#57),to-read,,,,0,0
48551098,Ketakberhinggaan di Telapak Tangannya,Gioconda Belli,"Belli, Gioconda",Fransiskus Pascaries,"=""9791260923""","=""9789791260923""",0,3.83,Marjin Kiri,Paperback,220,2019,2008,,2024/09/25,to-read,to-read (#56),to-read,,,,0,0
12321,Beyond Good and Evil,Friedrich Nietzsche,"Nietzsche, Friedrich","Michael Tanner, R.J. Hollingdale","=""014044923X""","=""9780140449235""",0,4.03,Penguin Classics,Paperback,240,2003,1886,,2024/08/05,currently-reading,currently-reading (#6),currently-reading,,,,1,0
59716,To the Lighthouse,Virginia Woolf,"Woolf, Virginia",Eudora Welty,"=""""","=""""",3,3.81,Harvest Books,Paperback,209,1989,1927,2024/07/30,2024/06/17,,,read,"I have a hard time reading it, but i feel like i want to read it again if i have a free time",,,1,0
102214610,"This is Amiko, Do You Copy?",Natsuko Imamura,"Imamura, Natsuko",Hitomi Yoshio,"=""1782279792""","=""9781782279792""",4,3.58,Pushkin Press,Kindle Edition,122,2023,2011,2024/07/27,2024/01/05,,,read,That was tough ,,,2,0
126262032,So Late in the Day: Stories of Women and Men,Claire Keegan,"Keegan, Claire",,"=""0802160859""","=""9780802160850""",5,3.93,Grove Press,Hardcover,128,2023,2022,2024/06/25,2024/06/24,,,read,Choking on water,,,1,0
11297,Norwegian Wood,Haruki Murakami,"Murakami, Haruki",Jay Rubin,"=""""","=""""",0,3.99,Vintage Books,Paperback,296,2000,1987,,2024/06/21,currently-reading,currently-reading (#5),currently-reading,,,,1,0
156512861,A Perfect Day to Be Alone,Nanae Aoyama,"Aoyama, Nanae",Jesse Kirkwood,"=""152942769X""","=""9781529427691""",3,3.12,MacLehose Press,Kindle Edition,160,2024,2007,2024/06/10,2024/06/12,,,read,Sedemikian rupa sehingga,,,1,0
40864002,"A Psalm for the Wild-Built (Monk & Robot, #1)",Becky Chambers,"Chambers, Becky",,"=""""","=""""",4,4.22,Tordotcom,ebook,151,2021,2021,,2024/02/03,,,read,just because,,,2,0
43352954,This Is How You Lose the Time War,Amal El-Mohtar,"El-Mohtar, Amal",Max Gladstone,"=""""","=""""",4,3.84,Saga Press,ebook,209,2019,2019,2024/06/19,2024/01/01,,,read,Oh to be red or blue in their stream of strands together,,,1,0
4069,Man's Search for Meaning,Viktor E. Frankl,"Frankl, Viktor E.","Harold S. Kushner, William J. Winslade, Isle Lasch","=""080701429X""","=""9780807014295""",0,4.37,Beacon Press,Paperback,165,2006,1946,,2024/06/12,to-read,to-read (#55),to-read,,,,0,0
40864030,"A Prayer for the Crown-Shy (Monk & Robot, #2)",Becky Chambers,"Chambers, Becky",,"=""""","=""""",4,4.38,Tordotcom,Kindle Edition,152,2022,2022,2024/06/05,2024/03/05,,,read,,,,1,0
50142,Hardboiled & Hard Luck,Banana Yoshimoto,"Yoshimoto, Banana",Michael Emmerich,"=""0802142621""","=""9780802142627""",0,3.74,Grove Press,Paperback,149,2006,1999,,2024/05/21,to-read,to-read (#54),to-read,,,,0,0
37380,The Heart Is a Lonely Hunter,Carson McCullers,"McCullers, Carson",,"=""0618084746""","=""9780618084746""",0,3.99,Mariner Books,Paperback,359,2000,1940,,2024/05/15,to-read,to-read (#53),to-read,,,,0,0
91950,The Myth of Sisyphus,Albert Camus,"Camus, Albert",Justin O'Brien,"=""0141182008""","=""9780141182001""",5,4.17,Penguin Classics,Paperback,192,2013,1942,2024/05/02,2023/06/01,,,read,For we should belive that Sisyphus is happy,,,1,0
2195464,What I Talk About When I Talk About Running,Haruki Murakami,"Murakami, Haruki",Philip Gabriel,"=""""","=""""",5,3.87,Knopf Publishing Group,Hardcover,188,2008,2007,2024/04/28,2024/04/23,,,read,"As I look up at the sky, you told me that they're stars",,,1,0
123258757,Death in Midsummer,Yukio Mishima,"Mishima, Yukio",,"=""0241630851""","=""9780241630853""",3,3.99,Penguin Classics,Hardcover,272,2023,1953,,2024/01/20,,,read,Didn't quite like it,,,2,0
57390604,As Long as the Lemon Trees Grow,Zoulfa Katouh,"Katouh, Zoulfa",,"=""0316351377""","=""9780316351379""",0,4.46,"Little, Brown Books for Young Readers",Hardcover,417,2022,2022,,2024/01/23,currently-reading,currently-reading (#4),currently-reading,,,,1,0
1772910,White Nights,Fyodor Dostoevsky,"Dostoevsky, Fyodor","Olga Shartse, Fyodor Dostoyevsky","=""""","=""""",5,4.07,,Paperback,82,1848,1848,2024/04/08,2024/03/28,,,read,Absolutely devastating ,,,1,0
9717,The Unbearable Lightness of Being,Milan Kundera,"Kundera, Milan",Michael Henry Heim,"=""0571224385""","=""9780571224388""",0,4.11,Harper Perennial,Paperback,314,2009,1984,,2024/04/03,to-read,to-read (#52),to-read,,,,0,0
11996,I Who Have Never Known Men,Jacqueline Harpman,"Harpman, Jacqueline",Ros Schwartz,"=""0380731819""","=""9780380731817""",0,4.11,Avon Eos,Mass Market Paperback,208,1998,1995,,2024/03/30,to-read,to-read (#51),to-read,,,,0,0
58999261,Time Shelter,Georgi Gospodinov,"Gospodinov, Georgi",Angela Rodel,"=""1324090952""","=""9781324090953""",4,3.74,Liveright,Hardcover,304,2022,2020,2024/03/28,2023/07/28,,,read,Besok uts fisdas IIA ,,,1,0
4406,East of Eden,John Steinbeck,"Steinbeck, John",,"=""0142000655""","=""9780142000656""",0,4.44,Penguin Books,Paperback,601,2002,1952,,2024/03/11,to-read,to-read (#50),to-read,,,,0,0
42634134,The Romance of the Three Kingdoms,Luo Guanzhong,"Guanzhong, Luo",,"=""""","=""""",0,4.37,Penguin Classics,Paperback,672,,1301,,2024/02/15,to-read,to-read (#49),to-read,,,,0,0
50146,Goodbye Tsugumi,Banana Yoshimoto,"Yoshimoto, Banana",Michael Emmerich,"=""0571212794""","=""9780571212798""",4,3.77,Faber & Faber,Paperback,186,2002,1989,2024/02/10,2024/02/03,,,read,"Banana Yoshimoto really had her ways with words, really",,,1,0
158875813,Prophet Song,Paul    Lynch,"Lynch, Paul",,"=""""","=""""",0,4.03,Oneworld Publications,ebook,259,2023,2023,,2024/02/08,to-read,to-read (#48),to-read,,,,0,0
59825231,The Pachinko Parlour,Elisa Shua Dusapin,"Dusapin, Elisa Shua",Aneesa Abbas Higgins,"=""1914198166""","=""9781914198168""",4,3.59,Daunt Books,Paperback,171,2022,2018,2024/02/02,2024/02/02,,,read,,,,1,0
170448,Animal Farm,George Orwell,"Orwell, George","Russell Baker, C.M. Woodhouse","=""0451526341""","=""9780451526342""",0,4.02,Signet Classics,Mass Market Paperback,141,1996,1945,,2024/01/20,to-read,to-read (#47),to-read,,,,0,0
60279800,The Boy and the Dog,Seishū Hase,"Hase, Seishū",Alison Watts,"=""0593300416""","=""9780593300411""",5,4.01,Viking,Hardcover,320,2022,2020,2024/01/19,2024/01/19,,,read,"Expert wingman dog, light and heartwarming story",,,1,0
54120408,Klara and the Sun,Kazuo Ishiguro,"Ishiguro, Kazuo",,"=""059331817X""","=""9780593318171""",4,3.74,Alfred A. Knopf,Hardcover,303,2021,2021,2024/01/19,2023/06/01,,,read,Unsettling in a way,,,1,0
50736031,Breasts and Eggs,Mieko Kawakami,"Kawakami, Mieko","Sam Bett, David  Boyd","=""1609455878""","=""9781609455873""",5,3.85,Europa Editions,Hardcover,430,2020,2008,2024/01/11,2023/06/24,,,read,"Tells a hardship story of being a woman. To me, it felt suffocating and I felt like seeing world in kind of different view now",,,1,0
33376821,Sweet Bean Paste,Durian Sukegawa,"Sukegawa, Durian",Alison  Watts,"=""1786071959""","=""9781786071958""",0,4.06,Oneworld Publications,Paperback,224,2017,2013,,2024/01/05,to-read,to-read (#46),to-read,,,,0,0
40740914,If Cats Disappeared from the World,Genki Kawamura,"Kawamura, Genki",Eric Selland,"=""1509889175""","=""9781509889174""",0,3.79,Picador,Paperback,202,2018,2012,,2024/01/05,to-read,to-read (#45),to-read,,,,0,0
52219386,Almond,Sohn Won-Pyung,"Won-Pyung, Sohn",Joosun Lee,"=""0062961373""","=""9780062961372""",5,4.14,HarperVia,Hardcover,272,2020,2017,2024/01/04,2024/01/03,,,read,"Maybe my almond differs with yours. Still, let's try to be human.",,,1,0
54373691,"Tales from the Cafe (Before the Coffee Gets Cold, #2)",Toshikazu Kawaguchi,"Kawaguchi, Toshikazu",Geoffrey Trousselot,"=""1529050863""","=""9781529050868""",5,3.96,Picador,Paperback,192,2020,2017,2023/10/01,2023/10/01,,,read,I'll cry my best at every read (was reading it on travel bus and i was sniffing tears),,,1,0
4929,Kafka on the Shore,Haruki Murakami,"Murakami, Haruki",Philip Gabriel,"=""""","=""""",5,4.12,Vintage International,Paperback,467,2006,2002,,2023/05/24,,,read,"Murakami knew best to describe loneliness, man's problems, the journey of longing, the parallel story with the boy and the grandpa, the music, the cars, the metaphoric actions, but couldn't write women without sexualizing it (basically every Murakami novels) (this is prolly one of the worst) ",,,1,0
8686068,"The Devotion of Suspect X (Detective Galileo, #1)",Keigo Higashino,"Higashino, Keigo","Alexander O. Smith, Elye J. Alexander","=""0312375069""","=""9780312375065""",5,4.17,Minotaur Books,Hardcover,298,2011,2005,,2023/05/24,,,read,the real devotion (bro went too far) (at this point it's an obsession),true,,1,0
194746,No Longer Human,Osamu Dazai,"Dazai, Osamu",Donald Keene,"=""""","=""""",4,3.94,New Directions,Paperback,176,1958,1948,,2023/05/29,,,read,yea man this is literally the story of a person being no longer human (thumbs up)<br/>(please seek for professional help and do not be Yozo Oba),,,1,0
49552,The Stranger,Albert Camus,"Camus, Albert",Matthew  Ward,"=""""","=""""",5,4.03,Vintage International,Paperback,123,1989,1942,2023/06/19,2023/05/29,,,read,the first line sent chills towards the whole body bro. absurd and I love it,,,1,0
41880609,On Earth We're Briefly Gorgeous,Ocean Vuong,"Vuong, Ocean",,"=""0525562028""","=""9780525562023""",5,4.01,Penguin Press,Hardcover,246,2019,2019,,2023/05/24,,,read,bro straight up spitting poems and i like it very well except the ... scene (I am a mere human after all) ,,,1,0
53223710,Heaven,Mieko Kawakami,"Kawakami, Mieko","Sam Bett, David  Boyd","=""1609456211""","=""9781609456214""",5,3.78,Europa Editions,Hardcover,192,2021,2009,2023/07/10,2023/05/31,,,read,I love mundane novel. This one make me question the right or wrong of things. magnificent artwork indeed,,,1,0
62047992,"Days at the Morisaki Bookshop (Days at the Morisaki Bookshop, #1)",Satoshi Yagisawa,"Yagisawa, Satoshi",Eric Ozawa,"=""0063278677""","=""9780063278677""",3,3.64,Harper Perennial,Paperback,150,2023,2010,2023/10/29,2023/10/28,,,read,the ending was just not it,,,1,0
66269953,"Before We Say Goodbye (Before the Coffee Gets Cold, #4)",Toshikazu Kawaguchi,"Kawaguchi, Toshikazu",Geoffrey Trousselot,"=""0369747305""","=""9780369747303""",4,3.92,Hanover Square Press,ebook,173,2023,2021,,2023/11/05,,,read,somewhere here i cried a little,,,1,0
61340205,The Flowers of Buffoonery,Osamu Dazai,"Dazai, Osamu",Sam Bett,"=""0811234541""","=""9780811234542""",4,3.78,New Directions,Paperback,96,2023,1935,2023/12/26,2023/12/26,,,read,quite the fun read (i did not focus while reading this) ,,,1,0
169437,Botchan,Natsume Sōseki,"Sōseki, Natsume",Joel Cohn,"=""4770030487""","=""9784770030481""",0,3.64,Kodansha USA,Paperback,171,2007,1906,,2024/01/03,to-read,to-read (#44),to-read,,,,0,0
62772,I Am a Cat,Natsume Sōseki,"Sōseki, Natsume","Graeme Wilson, Aiko Ito","=""080483265X""","=""9780804832656""",0,3.67,Tuttle Publishing,Paperback,470,2001,1906,,2024/01/03,to-read,to-read (#43),to-read,,,,0,0
31945227,A Velocity of Being: Letters to a Young Reader,Maria Popova,"Popova, Maria","Claudia Zoe Bedrick, David Remnick, Rebecca Solnit, Regina Spektor","=""1592702287""","=""9781592702282""",0,4.52,Enchanted Lion,Hardcover,272,2018,2018,,2024/01/01,to-read,to-read (#42),to-read,,,,0,0
50144,Kitchen,Banana Yoshimoto,"Yoshimoto, Banana","Megan Backus, Noguchi Rika","=""0802142443""","=""9780802142443""",0,3.90,Grove Press,Paperback,160,2006,1988,,2024/01/01,to-read,to-read (#41),to-read,,,,0,0
18144590,The Alchemist,Paulo Coelho,"Coelho, Paulo",,"=""0062315005""","=""9780062315007""",5,3.92,HarperOne,Paperback,182,2014,1988,2023/12/30,2023/12/26,,,read,absolute heartwarming,,,1,0
6434062,"Vagabond, Vol. 6",Takehiko Inoue,"Inoue, Takehiko",,"=""1421522802""","=""9781421522807""",5,4.69,VIZ Media LLC,Paperback,584,2010,2003,,2023/05/24,manga,manga (#1),read,,,,1,0
54702009,チェンソーマン 9 [Chainsaw Man 9],Tatsuki Fujimoto,"Fujimoto, Tatsuki",藤本タツキ,"=""4088824709""","=""9784088824703""",5,4.65,集英社 [Shūeisha],Paperback,192,2020,2020,,2023/05/24,,,read,,,,1,0
48688651,Memory of Glass,Rikako Akiyoshi,"Akiyoshi, Rikako",,"=""6237351213""","=""9786237351214""",4,4.32,Penerbit Haru,Paperback,360,2019,2018,,2023/05/30,,,read,,,,1,0
57427660,Merakit Kapal,Shion Miura,"Miura, Shion",Ninuk Sulistyawati,"=""6020650685""","=""9786020650685""",4,3.81,Gramedia Pustaka Utama,Paperback,294,2021,2011,,2023/05/30,,,read,,,,1,0
38357895,Convenience Store Woman,Sayaka Murata,"Murata, Sayaka",Ginny Tapley Takemori,"=""""","=""""",5,3.67,Portobello Books,Paperback,163,2018,2016,,2023/05/31,,,read,,,,1,0
57743808,Funiculi Funicula - Before the Coffee Gets Cold,Toshikazu Kawaguchi,"Kawaguchi, Toshikazu",Dania Sakti,"=""6020651924""","=""9786020651927""",5,3.66,Gramedia Pustaka Utama,Paperback,224,2021,2015,,2023/05/31,,,read,,,,1,0
53469602,Confession,Marumi Kimura,"Kimura, Marumi",Kanae Minato 湊 かなえ,"=""4575302252""","=""9784575302257""",5,4.14,Futabasha,ebook,178,2010,2010,,2023/05/30,,,read,,,,1,0
36657784,Silence,Rikako Akiyoshi,"Akiyoshi, Rikako",Yulita Dewi Pusparanny,"=""6026383387""","=""9786026383389""",3,3.46,Penerbit Haru,Paperback,328,2017,,,2023/05/30,,,read,,,,1,0
35049954,Scheduled Suicide Day,Rikako Akiyoshi,"Akiyoshi, Rikako",Andry Setiawan,"=""6026383190""","=""9786026383198""",4,3.86,Haru,Paperback,280,2017,2016,,2023/05/30,,,read,,,,1,0
59336625,All the Lovers in the Night,Mieko Kawakami,"Kawakami, Mieko","Sam Bett, David  Boyd","=""1609456998""","=""9781609456993""",4,3.68,Europa Editions,Hardcover,224,2022,2011,,2023/06/24,,,read,"Don't let the title fool you, <br/>The story is saddening, I really felt bad for Fuyuko :(<br/>Can't say I like this book, but it gave me a lot of insights<br/>Oh well",true,,1,0
194740,The Setting Sun,Osamu Dazai,"Dazai, Osamu",Donald Keene,"=""0811200329""","=""9780811200325""",4,3.97,New Directions,Paperback,175,2020,1947,,2023/05/29,,,read,"Such a cruel life full of demise, as the title said, the setting sun, all hopes and lights that she had, seem to vanished, but she still got to live her life, for a new world",,,1,0
54614599,First Person Singular: Stories,Haruki Murakami,"Murakami, Haruki",Philip Gabriel,"=""0593318072""","=""9780593318072""",4,3.53,Knopf,Hardcover,245,2021,2020,,2023/12/12,,,read,Monkey think monkey do,,,1,0
23847971,"A Midsummer's Equation (Detective Galileo, #3)",Keigo Higashino,"Higashino, Keigo",Alexander O. Smith,"=""1250027926""","=""9781250027924""",0,3.96,Minotaur Books,Hardcover,358,2016,2011,,2023/11/30,to-read,to-read (#40),to-read,,,,0,0
57693262,Cleopatra and Frankenstein,Coco Mellors,"Mellors, Coco",,"=""1635576814""","=""9781635576818""",0,3.69,Bloomsbury Publishing,Paperback,368,2022,2022,,2023/10/12,currently-reading,currently-reading (#3),currently-reading,,,,1,0
59357120,Yellowface,R.F. Kuang,"Kuang, R.F.",,"=""""","=""""",4,3.73,The Borough Press,Hardcover,329,2023,2023,2023/10/21,2023/10/08,,,read,Sublimely irritating,,,1,0
28922,An Artist of the Floating World,Kazuo Ishiguro,"Ishiguro, Kazuo",,"=""0571225365""","=""9780571225361""",0,3.78,Faber and Faber,Paperback,206,2005,1986,,2023/10/08,to-read,to-read (#39),to-read,,,,0,0
54110592,How Do You Live?,Genzaburo Yoshino,"Yoshino, Genzaburo","Neil Gaiman, Bruno Navasky","=""1616209771""","=""9781616209773""",5,3.99,"Little, Brown Books for Young Readers",Hardcover,288,2021,1937,,2023/09/23,,,read,berikan ini pada diriku umur 13,,,1,0
60224365,"Before Your Memory Fades (Before the Coffee Gets Cold, #3)",Toshikazu Kawaguchi,"Kawaguchi, Toshikazu",Geoffrey Trousselot,"=""0369722698""","=""9780369722690""",5,3.88,Hanover Square Press,ebook,220,2022,2018,2023/09/30,2023/09/29,,,read,I'll cry for this again whenever,,,1,0
54633167,Lonely Castle in the Mirror,Mizuki Tsujimura,"Tsujimura, Mizuki",,"=""0857527274""","=""9780857527271""",5,4.23,Doubleday,Hardcover,384,2021,2017,,2023/09/01,,,read,The sorta book I would've given to the child me,,,2,0
6514,The Bell Jar,Sylvia Plath,"Plath, Sylvia",,"=""0571268862""","=""9780571268863""",0,4.05,Harper Perennial Modern Classics,Paperback,294,2006,1963,,2023/09/27,to-read,to-read (#38),to-read,,,,0,0
10210,Jane Eyre,Charlotte Brontë,"Brontë, Charlotte",Michael Mason,"=""0142437204""","=""9780142437209""",0,4.16,Penguin,Paperback,532,2003,1847,,2023/09/27,to-read,to-read (#37),to-read,,,,0,0
1885,Pride and Prejudice,Jane Austen,"Austen, Jane",Anna Quindlen,"=""1441341706""","=""9781441341709""",0,4.29,Modern Library,Paperback,279,2023,1813,,2023/09/27,to-read,to-read (#36),to-read,,,,0,0
32927264,Ms Ice Sandwich,Mieko Kawakami,"Kawakami, Mieko",Louise Heal Kawai,"=""1782273301""","=""9781782273301""",0,3.76,Pushkin Press,Paperback,92,2017,2013,,2023/09/25,to-read,to-read (#35),to-read,,,,0,0
11275,The Wind-Up Bird Chronicle,Haruki Murakami,"Murakami, Haruki",Jay Rubin,"=""0965341984""","=""9780965341981""",3,4.14,Knopf,Paperback,607,1997,1994,2023/09/17,2023/05/26,,,read,"Blergh, what a weird book.<br/>I I could puke for every chapter I would love to",,,1,0
162332,The Sailor Who Fell from Grace with the Sea,Yukio Mishima,"Mishima, Yukio",John Nathan,"=""""","=""""",3,3.84,Vintage,Paperback,181,1994,1963,2023/08/24,2023/08/10,,,read,Abundantly filled with poetic words but the story was goofy ahh weird,,,1,0
54814676,Crying in H Mart,Michelle Zauner,"Zauner, Michelle",,"=""0525657746""","=""9780525657743""",0,4.23,Knopf,Hardcover,256,2021,2021,,2023/08/22,to-read,to-read (#34),to-read,,,,0,0
2507213,Reincarnation,Suzanne Weyn,"Weyn, Suzanne",,"=""0545013232""","=""9780545013239""",0,3.68,Scholastic Press,Hardcover,304,2008,2007,,2023/08/20,to-read,to-read (#33),to-read,,,,0,0
20870778,This Blinding Absence of Light,Tahar Ben Jelloun,"Jelloun, Tahar Ben",,"=""""","=""""",0,4.27,,Hardcover,195,,2001,,2023/08/08,to-read,to-read (#32),to-read,,,,0,0
38588764,Tokyo Express,Seichō Matsumoto,"Matsumoto, Seichō","Gala Maria Follaco, P.C. Blum","=""8845932443""","=""9788845932441""",4,3.68,Adelphi,Paperback,175,2018,1958,2023/08/05,2023/07/16,,,read,Akhirnya agak kureng ajeh,,,1,0
67791629,Birthday Stories (Haruki Murakami translated library) (2006) ISBN: 4124034946 [Japanese Import],Haruki Murakami,"Murakami, Haruki",,"=""4124034946""","=""9784124034943""",0,3.56,Chuo Koron new company,Paperback Shinsho,0,2006,2004,,2023/08/01,currently-reading,currently-reading (#2),currently-reading,,,,1,0
25952086,A Thousand Splendid Suns,Khaled Hosseini,"Hosseini, Khaled",,"=""""","=""""",0,4.45,,Unknown Binding,,,2007,,2023/08/01,to-read,to-read (#31),to-read,,,,0,0
61884842,The Deep Sky,Yume Kitasei,"Kitasei, Yume",,"=""1250875331""","=""9781250875334""",0,3.69,Flatiron Books,Hardcover,399,2023,2023,,2023/07/28,to-read,to-read (#30),to-read,,,,0,0
56755560,"The Cat Who Saved Books (The Cat Who..., #1)",Sōsuke Natsukawa,"Natsukawa, Sōsuke",Louise Heal Kawai,"=""0063095726""","=""9780063095724""",0,3.71,HarperVia,Hardcover,199,2021,2017,,2023/07/28,to-read,to-read (#28),to-read,,,,0,0
60741747,Timecode of a Face,Ruth Ozeki,"Ozeki, Ruth",,"=""1838855912""","=""9781838855918""",0,3.98,Canongate Books,Kindle Edition,138,2022,2015,,2023/07/28,to-read,to-read (#27),to-read,,,,0,0
56887117,"The Village of Eight Graves (Detective Kosuke Kindaichi, #3)",Seishi Yokomizo,"Yokomizo, Seishi",Bryan Karetnyk,"=""1782277455""","=""9781782277453""",0,3.82,Pushkin Vertigo,Paperback,349,2021,1950,,2023/07/28,to-read,to-read (#26),to-read,,,,0,0
1217148,All That Is Gone,Pramoedya Ananta Toer,"Toer, Pramoedya Ananta",,"=""0143034464""","=""9780143034469""",0,4.01,Penguin Books,Paperback,255,2005,1952,,2023/07/28,to-read,to-read (#25),to-read,,,,0,0
46205497,The Ten Loves of Mr. Nishino,Hiromi Kawakami,"Kawakami, Hiromi",Allison Markin Powell,"=""1846277027""","=""9781846277023""",0,3.44,Granta Books,Kindle Edition,170,2019,2003,,2023/07/06,to-read,to-read (#24),to-read,,,,0,0
135836,"Trainspotting (Mark Renton, #2)",Irvine Welsh,"Welsh, Irvine",,"=""0099465892""","=""9780099465898""",0,4.11,Vintage,Paperback,431,1994,1993,,2023/07/06,to-read,to-read (#23),to-read,,,,0,0
59892213,Dead-End Memories: Stories,Banana Yoshimoto,"Yoshimoto, Banana",Asa Yoneda,"=""1640093699""","=""9781640093690""",0,3.89,Counterpoint,Hardcover,240,2022,2003,,2023/06/24,to-read,to-read (#22),to-read,,,,0,0
67896,Tao Te Ching,Lao Tzu,"Tzu, Lao","Gia-Fu Feng, Jane English, Jacob Needleman, Toinette Lippe, Claudio Lamparelli","=""0679724346""","=""9780679724346""",0,4.29,Vintage,Paperback,107,1989,-350,,2023/06/18,to-read,to-read (#21),to-read,,,,0,0
765618,Paradise,Abdulrazak Gurnah,"Gurnah, Abdulrazak",,"=""""","=""""",0,3.60,The New Press,Paperback,256,1995,1994,,2023/06/16,to-read,to-read (#20),to-read,,,,0,0
28921,The Remains of the Day,Kazuo Ishiguro,"Ishiguro, Kazuo",,"=""""","=""""",5,4.14,Faber & Faber,Paperback,258,2005,1989,2023/06/07,2023/05/30,,,read,"Such a calming novel written with nostalgic theme embedded on it. It feels as if i was to be at Darlington Hall, that's how this book seemed like to me. One could not simply define someone's profession (butler, for example) only with words, because there would not seem to be enough words to tell it all, you just had to be there and feel it",true,,1,0
21564158,The Essential Kafka: The Castle; The Trial; Metamorphosis and Other Stories,Franz Kafka,"Kafka, Franz","Keith Carabine, John R.     Williams","=""""","=""""",0,4.11,Wordsworth Editions,Paperback,640,2014,2011,,2023/06/04,to-read,to-read (#19),to-read,,,,0,0
1934,"Little Women (Little Women, #1)",Louisa May Alcott,"Alcott, Louisa May","Regina Barreca, Grzegorz Komerski, Marta Fihel","=""""","=""""",0,4.17,Signet Classics,Mass Market Paperback,449,2004,1868,,2023/06/01,to-read,to-read (#18),to-read,,,,0,0
80571,American Prometheus: The Triumph and Tragedy of J. Robert Oppenheimer,Kai Bird,"Bird, Kai",Martin J. Sherwin,"=""""","=""""",0,4.31,Vintage Books,Paperback,721,2007,2005,,2023/06/01,to-read,to-read (#17),to-read,,,,0,0
11989,The Plague,Albert Camus,"Camus, Albert",Stuart Gilbert,"=""""","=""""",0,4.02,Vintage International,Paperback,308,1991,1947,,2023/06/01,to-read,to-read (#16),to-read,,,,0,0
13623848,The Song of Achilles,Madeline Miller,"Miller, Madeline",,"=""""","=""""",0,4.30,Ecco,Paperback,408,2012,2011,,2023/05/31,to-read,to-read (#15),to-read,,,,0,0
762476,Kokoro,Natsume Sōseki,"Sōseki, Natsume",Edwin McClellan,"=""0809260956""","=""9780895267153""",0,4.04,Gateway Editions,Paperback,256,1996,1914,,2023/05/31,to-read,to-read (#14),to-read,,,,0,0
26244,A Confession,Leo Tolstoy,"Tolstoy, Leo","Leo Tolstoy, Bogdan Baran","=""1598184717""","=""9781598184716""",0,4.10,Aegypan,Paperback,108,2006,1880,,2023/05/31,to-read,to-read (#13),to-read,,,,0,0
18386,The Death of Ivan Ilych,Leo Tolstoy,"Tolstoy, Leo","Aylmer Maude, Louise Maude","=""""","=""""",0,4.14,Waking Lion Press,Paperback,86,2006,1886,,2023/05/31,to-read,to-read (#12),to-read,,,,0,0
24874322,The Life of a Stupid Man,Ryūnosuke Akutagawa,"Akutagawa, Ryūnosuke",Jay Rubin,"=""0141397721""","=""9780141397726""",0,3.67,Penguin Classics,Paperback,55,2015,1927,,2023/05/29,to-read,to-read (#11),to-read,,,,0,0
35206,Rashōmon and Seventeen Other Stories,Ryūnosuke Akutagawa,"Akutagawa, Ryūnosuke","Jay Rubin, Haruki Murakami, Yoshihiro Tatsumi","=""0143039849""","=""9780143039846""",0,4.14,Penguin Classics,Paperback,268,2006,1927,,2023/05/29,to-read,to-read (#10),to-read,,,,0,0
320,One Hundred Years of Solitude,Gabriel García Márquez,"Márquez, Gabriel García",Gregory Rabassa,"=""""","=""""",0,4.12,Harper,Mass Market Paperback,417,2003,1967,,2023/05/29,to-read,to-read (#9),to-read,,,,0,0
5297,The Picture of Dorian Gray,Oscar Wilde,"Wilde, Oscar",Jeffrey Eugenides,"=""""","=""""",0,4.13,Random House: Modern Library,Paperback,272,2004,1890,,2023/05/29,to-read,to-read (#8),to-read,,,,0,0
61439040,1984,George Orwell,"Orwell, George",Thomas Pynchon,"=""0452284236""","=""9780452284234""",0,4.20,Plume,Paperback,368,2022,1949,,2023/05/29,to-read,to-read (#7),to-read,,,,0,0
656,War and Peace,Leo Tolstoy,"Tolstoy, Leo","Aylmer Maude, Louise Maude","=""0192833987""","=""9780192833983""",0,4.17,Oxford University Press,Paperback,1392,1998,1869,,2023/05/29,to-read,to-read (#6),to-read,,,,0,0
4934,The Brothers Karamazov,Fyodor Dostoevsky,"Dostoevsky, Fyodor","Richard Pevear, Larissa Volokhonsky","=""0374528373""","=""9780374528379""",0,4.39,"Farrar, Straus and Giroux",Paperback,796,2002,1880,,2023/05/29,to-read,to-read (#5),to-read,,,,0,0
7144,Crime and Punishment,Fyodor Dostoevsky,"Dostoevsky, Fyodor","David McDuff, Joseph Frank","=""""","=""""",0,4.29,Penguin,Paperback,671,2002,1866,,2023/05/29,to-read,to-read (#4),to-read,,,,0,0
2657,To Kill a Mockingbird,Harper Lee,"Lee, Harper",,"=""0060935464""","=""9780060935467""",0,4.26,Harper Perennial Modern Classics ,Paperback,323,2006,1960,,2023/05/26,to-read,to-read (#3),to-read,,,,0,0
5107,The Catcher in the Rye,J.D. Salinger,"Salinger, J.D.",,"=""0316769177""","=""9780316769174""",0,3.80,Back Bay Books,Paperback,277,2001,1951,,2023/05/26,to-read,to-read (#2),to-read,,,,0,0
9303025,"Naoki Urasawa's Monster, Volume 9 (Naoki Urasawa's Monster: Kanzenban, #9)",Naoki Urasawa,"Urasawa, Naoki",,"=""8467491817""","=""9788467491814""",5,4.70,Planeta DeAgostini,Paperback,472,2010,2008,2023/05/24,2023/05/24,manga,manga (#2),read,Saya suka sekali manga ini apalagi di salah satu panel. Panel yang menyertakan dua entitas bernama Johan dan Anna.,,,1,0
22822858,A Little Life,Hanya Yanagihara,"Yanagihara, Hanya",,"=""0385539258""","=""9780385539258""",0,4.28,Doubleday,Hardcover,720,2015,2015,,2023/05/24,currently-reading,currently-reading (#1),currently-reading,,,,1,0
10309548,Al-Quranu'l-Karim - Bacaan Mulia,H.B. Jassin,"Jassin, H.B.",,"=""""","=""""",0,4.25,Penerbit Djambatan,Paperback,904,1977,1977,,2020/08/05,to-read,to-read (#1),to-read,,,,0,0
